#{"t_start": 1732811639.8356025, "env_id": "InvertedDoublePendulum-v4"}
r,l,t
63.558337,7,1.353289
92.219787,10,1.478227
44.752604,5,1.480077
73.294423,8,1.488139
73.562351,8,1.490705
82.736619,9,1.50119
54.370691,6,1.503193
73.505311,8,1.510952
45.099186,5,1.512738
73.181987,8,1.521303
36.130837,4,1.52278
63.846395,7,1.5292
54.447101,6,1.53115
82.39209,9,1.541534
73.550612,8,1.544069
73.2224,8,1.552614
73.350578,8,1.55532
82.807085,9,1.565729
82.473052,9,1.568612
64.116802,7,1.576271
36.160576,4,1.577787
64.205235,7,1.585891
36.066619,4,1.58742
73.41119,8,1.596949
54.535702,6,1.599039
63.87186,7,1.607313
72.845968,8,1.610069
64.047382,7,1.61851
45.35415,5,1.620284
73.346196,8,1.628203
45.11972,5,1.629914
63.916132,7,1.638149
63.752834,7,1.831748
82.694701,9,1.838593
119.693946,13,1.936087
54.558857,6,1.941427
54.488133,6,1.988177
54.556151,6,1.993243
54.722875,6,2.039215
54.747051,6,2.044105
64.130818,7,2.095977
72.079104,8,2.102627
63.405218,7,2.155536
63.468684,7,2.161084
63.484725,7,2.21426
54.698802,6,2.219323
54.602079,6,2.263683
54.340164,6,2.268524
45.289458,5,2.306669
35.605636,4,2.310167
35.133966,4,2.339722
35.197385,4,2.342899
26.934306,3,2.364496
35.269976,4,2.367728
26.861067,3,2.389959
26.850758,3,2.392539
35.19058,4,2.421218
35.299867,4,2.424619
26.907175,3,2.446553
26.915747,3,2.449416
26.900065,3,2.471848
35.257065,4,2.475039
35.102852,4,2.505961
26.914847,3,2.508586
35.245322,4,2.537801
35.194904,4,2.541402
26.909223,3,2.562644
26.863008,3,2.565148
35.171948,4,2.594031
35.277158,4,2.597553
35.207642,4,2.626241
26.822724,3,2.628989
26.935718,3,2.650824
35.153169,4,2.654177
35.244462,4,2.682881
35.149235,4,2.686362
35.212052,4,2.714479
35.200402,4,2.717667
26.898581,3,2.739556
26.933697,3,2.742663
26.95169,3,2.764729
35.320858,4,2.767979
35.124334,4,2.797376
35.124657,4,2.800571
26.875647,3,2.823874
26.891872,3,2.826555
26.907612,3,2.848009
26.904226,3,2.850674
35.242363,4,2.879485
35.3027,4,2.882727
35.183087,4,2.910753
35.359701,4,2.913895
26.915967,3,2.935486
35.27626,4,2.938808
35.304621,4,2.968062
26.767839,3,2.970705
35.162634,4,2.999267
35.178595,4,3.002578
26.858911,3,3.023986
26.73309,3,3.026541
35.205035,4,3.054765
26.951787,3,3.057496
26.930833,3,3.079439
35.123727,4,3.08262
35.16076,4,3.11156
26.933029,3,3.114161
26.828912,3,3.135636
35.222341,4,3.139243
26.894449,3,3.162252
26.915526,3,3.164841
26.92538,3,3.186845
26.746811,3,3.189692
26.874088,3,3.212349
26.896317,3,3.214984
35.285468,4,3.244482
35.289708,4,3.248279
35.199656,4,3.27689
26.907246,3,3.279428
35.162016,4,3.30924
35.352994,4,3.312389
35.259263,4,3.34165
35.306537,4,3.34504
26.930161,3,3.36678
35.167731,4,3.370076
26.954851,3,3.392588
35.331223,4,3.396033
35.284019,4,3.424916
35.236932,4,3.428504
35.166501,4,3.459748
35.192895,4,3.463017
26.922551,3,3.486403
35.262497,4,3.490089
35.134085,4,3.518732
35.162568,4,3.522398
26.887359,3,3.543657
26.883909,3,3.546141
35.108136,4,3.575114
26.775898,3,3.577827
35.29458,4,3.60722
35.116037,4,3.610547
35.167803,4,3.639079
35.137399,4,3.642276
35.25479,4,3.673873
35.340756,4,3.677189
26.966216,3,3.699613
26.849151,3,3.70208
26.928195,3,3.723396
26.973608,3,3.725869
26.903411,3,3.747311
35.248069,4,3.750875
26.896459,3,3.773062
35.284154,4,3.77646
26.926318,3,3.798534
26.969325,3,3.801332
35.265638,4,3.831278
35.320369,4,3.83443
26.910187,3,3.856519
35.196609,4,3.859671
35.194789,4,3.888897
35.21921,4,3.892106
35.288017,4,3.921228
26.944005,3,3.923746
26.75509,3,3.946594
26.892612,3,3.949298
26.864016,3,3.972495
26.849323,3,3.975198
26.814812,3,3.999323
26.840196,3,4.001903
35.220911,4,4.035033
35.242192,4,4.038217
35.150857,4,4.066547
35.33579,4,4.069868
26.914453,3,4.091816
35.313984,4,4.095026
26.996147,3,4.116487
26.922103,3,4.119134
26.820678,3,4.141157
26.920756,3,4.143695
26.893861,3,4.165439
26.871477,3,4.168
26.855038,3,4.191205
35.266038,4,4.194551
35.143254,4,4.223418
26.90012,3,4.226181
35.28461,4,4.25624
26.805644,3,4.258899
26.879366,3,4.280427
35.330214,4,4.283709
35.108238,4,4.313941
35.356394,4,4.317216
26.964242,3,4.339887
26.821142,3,4.342377
35.321531,4,4.372422
35.154501,4,4.375692
35.257157,4,4.404435
26.935561,3,4.407334
26.829163,3,4.428444
35.335751,4,4.43157
26.926751,3,4.452852
26.930491,3,4.455836
35.156398,4,4.485324
26.877211,3,4.487987
35.238299,4,4.516535
35.298165,4,4.51984
26.939775,3,4.542034
35.156796,4,4.545449
35.326896,4,4.574792
35.304887,4,4.578279
26.942966,3,4.600633
26.823541,3,4.603203
35.143121,4,4.631893
35.155337,4,4.635162
35.298266,4,4.664137
26.856955,3,4.666724
35.270903,4,4.69591
26.943637,3,4.69859
26.978205,3,4.720456
26.76012,3,4.723144
35.327288,4,4.750969
35.280793,4,4.754275
26.79283,3,4.775292
35.314684,4,4.778435
35.14065,4,4.807032
35.239788,4,4.810488
26.822873,3,4.832445
26.971147,3,4.834985
26.876229,3,4.85671
35.185001,4,4.859988
35.118168,4,4.889025
35.139897,4,4.892521
26.793766,3,4.91478
26.915662,3,4.917415
35.248629,4,4.946476
26.892982,3,4.949048
26.945496,3,4.970775
26.932563,3,4.97337
35.354636,4,5.002513
26.928453,3,5.0053
35.181152,4,5.03384
26.96915,3,5.036376
26.896197,3,5.058631
26.845068,3,5.061093
26.800372,3,5.08268
35.269123,4,5.086117
35.149917,4,5.115855
35.187698,4,5.119223
26.931741,3,5.140455
26.943209,3,5.142959
35.321673,4,5.173186
26.857717,3,5.175746
26.967088,3,5.200509
26.964209,3,5.203192
26.851525,3,5.226213
26.833635,3,5.228805
35.254228,4,5.258699
26.938046,3,5.261213
35.296295,4,5.291488
26.94821,3,5.294208
26.97773,3,5.318156
26.951185,3,5.320944
35.386086,4,5.351443
35.322186,4,5.354859
35.266274,4,5.3831
26.920247,3,5.385892
26.867935,3,5.407441
35.238053,4,5.410619
35.220682,4,5.439449
35.184723,4,5.442995
26.945541,3,5.465078
35.366261,4,5.468345
26.872186,3,5.490891
26.914182,3,5.493567
26.857398,3,5.515218
26.862276,3,5.517963
35.228699,4,5.547649
35.205467,4,5.551109
35.202376,4,5.580745
26.944292,3,5.583344
35.219112,4,5.612146
35.292823,4,5.615577
35.202813,4,5.645593
26.821361,3,5.648269
26.739785,3,5.670352
26.911463,3,5.673028
26.891895,3,5.696089
26.837969,3,5.698898
26.776045,3,5.729942
26.921353,3,5.732356
35.251392,4,5.762069
26.874869,3,5.764721
26.937994,3,5.787156
26.878222,3,5.789902
35.340366,4,5.818108
35.297866,4,5.821542
26.794647,3,5.843757
26.822692,3,5.846263
26.822159,3,5.868186
35.32123,4,5.87141
35.221847,4,5.899693
35.162785,4,5.903146
35.140239,4,5.932472
35.37312,4,5.935967
35.328173,4,5.965101
35.297725,4,5.968383
35.191684,4,5.997491
35.131899,4,6.000978
26.89426,3,6.023022
35.149743,4,6.026183
35.187875,4,6.054205
35.41415,4,6.057753
26.915383,3,6.080014
26.928977,3,6.082742
26.873488,3,6.104585
35.252075,4,6.107798
26.805702,3,6.129674
26.942116,3,6.132315
35.172297,4,6.160903
26.896149,3,6.163579
26.920061,3,6.187384
35.233922,4,6.191645
26.889907,3,6.21526
26.835366,3,6.217894
26.911944,3,6.242592
35.17887,4,6.245948
26.917849,3,6.267727
26.891183,3,6.270295
35.263503,4,6.298998
35.254656,4,6.302098
35.386563,4,6.331078
26.805487,3,6.333556
26.92743,3,6.356598
26.870545,3,6.359141
35.268673,4,6.388957
26.970531,3,6.391688
26.897452,3,6.413145
35.291277,4,6.416315
26.97782,3,6.438504
35.241829,4,6.441801
26.865507,3,6.464601
35.350462,4,6.467946
26.867301,3,6.489909
26.902539,3,6.492363
26.932606,3,6.514433
35.220792,4,6.517638
26.943534,3,6.54013
26.959379,3,6.54272
35.242168,4,6.572008
26.915791,3,6.57455
35.292029,4,6.602856
26.978689,3,6.605592
35.142178,4,6.634365
35.187097,4,6.637918
26.887972,3,6.659351
35.335698,4,6.662537
26.955801,3,6.683973
26.867887,3,6.686603
35.368637,4,6.714933
35.322269,4,6.71841
35.278946,4,6.747435
26.943265,3,6.75004
26.806803,3,6.772046
35.24349,4,6.775305
35.238852,4,6.80435
35.205493,4,6.807945
35.14299,4,6.835798
35.30838,4,6.839126
26.7946,3,6.86201
26.888171,3,6.864496
35.156535,4,6.892475
26.876175,3,6.895188
26.84223,3,6.918027
26.812619,3,6.92071
26.947413,3,6.942248
35.175414,4,6.945409
26.863309,3,6.966446
35.144508,4,6.969948
35.391145,4,6.998168
35.311319,4,7.001511
35.162686,4,7.031091
35.270501,4,7.03431
35.357526,4,7.062579
26.89636,3,7.065366
26.93052,3,7.086824
35.145365,4,7.09038
35.271488,4,7.118922
26.821494,3,7.121722
35.224867,4,7.150779
26.907096,3,7.153525
26.909881,3,7.176226
26.952263,3,7.179035
35.349211,4,7.209532
26.923769,3,7.212055
35.225127,4,7.241268
26.910731,3,7.243765
26.923506,3,7.264806
35.23034,4,7.267965
26.947332,3,7.29037
26.91949,3,7.29305
35.315408,4,7.320477
26.893832,3,7.323031
35.280977,4,7.353137
35.30845,4,7.356428
26.943366,3,7.379671
26.925623,3,7.382529
26.868105,3,7.405646
26.865792,3,7.408252
26.872795,3,7.430428
35.316932,4,7.433618
35.385926,4,7.464722
35.172618,4,7.468138
35.126598,4,7.498474
35.219236,4,7.502024
26.728727,3,7.525074
35.328528,4,7.528636
26.963636,3,7.550989
35.142473,4,7.554394
26.945936,3,7.577784
35.299009,4,7.581092
26.953415,3,7.603598
35.197875,4,7.607278
26.89747,3,7.629829
26.841376,3,7.632342
35.382115,4,7.663027
35.344219,4,7.666283
26.908456,3,7.68934
26.899926,3,7.691915
26.890693,3,7.714468
26.911591,3,7.717057
35.320106,4,7.749041
26.931743,3,7.751594
26.928817,3,7.77405
26.865352,3,7.777071
35.327336,4,7.807214
35.267118,4,7.810728
35.206671,4,7.841125
35.254958,4,7.844453
35.324256,4,7.874487
26.931625,3,7.877154
35.324566,4,7.908183
35.327311,4,7.911716
35.282429,4,7.944465
35.302309,4,7.948026
35.247105,4,7.980145
35.250711,4,7.983335
26.937243,3,8.007867
26.910793,3,8.010671
26.90792,3,8.03468
35.230602,4,8.038136
35.142237,4,8.070533
26.845432,3,8.073231
26.969242,3,8.09795
35.165378,4,8.101485
26.947614,3,8.125701
26.889866,3,8.128438
26.941854,3,8.152766
26.896146,3,8.15574
35.274966,4,8.189945
35.156071,4,8.193413
26.943919,3,8.218799
35.320422,4,8.222371
26.977553,3,8.247679
35.222609,4,8.251225
26.914091,3,8.276602
35.3554,4,8.280472
26.826184,3,8.308954
35.312654,4,8.313006
35.237481,4,8.344258
35.171745,4,8.347536
26.967048,3,8.370366
35.210522,4,8.373871
26.952488,3,8.397804
35.263028,4,8.401187
35.110749,4,8.43383
26.924904,3,8.43672
35.165517,4,8.471917
26.834946,3,8.474523
35.174604,4,8.504896
26.823251,3,8.50765
35.278584,4,8.5396
35.264518,4,8.543028
35.297538,4,8.576715
26.816203,3,8.57942
26.926077,3,8.603024
35.103916,4,8.606658
26.959351,3,8.631429
35.235739,4,8.634763
26.958694,3,8.658667
26.958183,3,8.661476
26.931146,3,8.684444
26.839616,3,8.687118
26.879195,3,8.71074
35.228894,4,8.714117
35.216397,4,8.745585
26.965533,3,8.748531
35.251876,4,8.780156
35.167638,4,8.783509
26.850586,3,8.8064
26.783917,3,8.809273
26.919846,3,8.832581
26.871783,3,8.835186
35.268102,4,8.865441
26.924405,3,8.868066
26.92193,3,8.891705
35.19334,4,8.895015
26.787264,3,8.919536
35.122137,4,8.923077
26.862447,3,8.946404
26.868397,3,8.948989
26.929154,3,8.971003
26.850823,3,8.973571
26.901801,3,8.996862
35.262106,4,9.000145
26.79891,3,9.023179
35.174325,4,9.02642
26.862956,3,9.050287
35.202541,4,9.053998
35.176353,4,9.086059
26.93773,3,9.088789
35.349336,4,9.119525
26.823524,3,9.122352
26.883459,3,9.146641
26.865035,3,9.149323
26.868235,3,9.173454
35.230511,4,9.177101
35.265695,4,9.208004
35.2178,4,9.211362
35.290974,4,9.241707
35.283387,4,9.245299
35.231326,4,9.277998
35.210532,4,9.281236
26.968924,3,9.304919
26.837127,3,9.30766
35.1909,4,9.338736
26.851805,3,9.34158
26.827757,3,9.365307
26.906435,3,9.367949
26.868048,3,9.391239
35.234895,4,9.394894
26.884663,3,9.418075
35.131853,4,9.421757
26.89027,3,9.444402
35.243844,4,9.4479
35.111564,4,9.479487
35.265558,4,9.482789
35.15661,4,9.513331
26.852625,3,9.516107
26.943742,3,9.539694
26.967852,3,9.542503
26.925873,3,9.565454
35.298014,4,9.56888
35.283158,4,9.600644
35.404655,4,9.604081
26.847136,3,9.627301
35.249293,4,9.630728
26.980596,3,9.65309
35.318135,4,9.65669
26.756792,3,9.679661
35.228234,4,9.683117
26.88774,3,9.70651
35.363732,4,9.709838
35.205624,4,9.740422
26.838807,3,9.743263
35.134215,4,9.775354
35.265376,4,9.778668
26.873203,3,9.802706
35.167615,4,9.806051
35.320521,4,9.836705
35.256357,4,9.840365
35.252746,4,9.871147
26.915347,3,9.873765
35.306281,4,9.906015
26.907765,3,9.908617
26.921074,3,9.932205
26.913399,3,9.934809
35.270643,4,9.966814
26.853815,3,9.969744
26.930836,3,9.993975
26.875489,3,9.996778
26.938653,3,10.02055
35.211886,4,10.023947
35.131096,4,10.054405
26.880171,3,10.057053
26.959386,3,10.080647
35.200211,4,10.083993
26.835943,3,10.108649
26.943356,3,10.111218
26.834684,3,10.13348
26.796832,3,10.1361
26.789417,3,10.159814
35.172105,4,10.163245
26.846108,3,10.186526
35.371753,4,10.190258
26.876071,3,10.215512
35.303927,4,10.21895
26.961443,3,10.242166
26.854715,3,10.244787
26.954136,3,10.267956
26.760033,3,10.270825
35.229281,4,10.302151
26.919682,3,10.305009
35.167495,4,10.338544
26.956335,3,10.341193
35.149059,4,10.372377
26.977081,3,10.375102
35.156791,4,10.405663
35.143954,4,10.409007
26.910568,3,10.432811
35.301488,4,10.436232
26.827811,3,10.459799
26.893736,3,10.462366
35.272014,4,10.493315
35.18647,4,10.496904
26.928219,3,10.522104
35.154984,4,10.525739
35.343382,4,10.558764
35.278632,4,10.562055
35.342192,4,10.594348
35.303495,4,10.597785
26.934584,3,10.621952
26.831307,3,10.624507
26.902088,3,10.650203
35.333048,4,10.653743
26.905975,3,10.677716
26.932411,3,10.680584
35.105383,4,10.710865
26.779281,3,10.713666
35.277592,4,10.754034
26.815693,3,10.756942
35.363102,4,10.78871
26.884216,3,10.791439
26.905534,3,10.813558
35.367844,4,10.816784
35.223908,4,10.848586
26.894237,3,10.851179
35.103044,4,10.88221
35.280071,4,10.885819
26.839609,3,10.909366
26.915729,3,10.912129
26.868694,3,10.935615
26.973566,3,10.938402
26.912185,3,10.961349
35.341087,4,10.964731
35.314981,4,10.995371
26.929095,3,10.998022
35.245203,4,11.028673
26.946078,3,11.031463
35.329531,4,11.063048
35.160524,4,11.066657
26.851222,3,11.090293
35.268709,4,11.093741
26.965912,3,11.117753
26.883087,3,11.120538
35.122619,4,11.151963
35.191785,4,11.155619
35.233803,4,11.187341
35.350912,4,11.190705
26.851731,3,11.214124
35.210028,4,11.218248
26.813739,3,11.241411
35.206482,4,11.244711
35.142338,4,11.276864
35.298558,4,11.280253
26.915498,3,11.303495
35.30209,4,11.307059
26.896283,3,11.330607
26.913224,3,11.3332
26.910868,3,11.356388
26.938148,3,11.359086
26.946598,3,11.38272
35.176112,4,11.386047
26.945431,3,11.409675
35.193738,4,11.413105
35.193992,4,11.44417
35.282506,4,11.44743
35.197569,4,11.479201
26.97489,3,11.481826
35.361742,4,11.512641
26.949275,3,11.515393
26.955217,3,11.538802
35.224635,4,11.542152
35.364534,4,11.57208
26.787655,3,11.574853
26.879434,3,11.598056
35.334496,4,11.601294
35.310152,4,11.632201
26.886041,3,11.634997
35.245154,4,11.665605
26.913511,3,11.66855
26.857612,3,11.692518
26.840661,3,11.695054
35.37435,4,11.72561
35.233115,4,11.729178
35.156548,4,11.75973
26.869789,3,11.7625
26.960424,3,11.784935
26.954409,3,11.787801
26.945049,3,11.812349
26.934133,3,11.815122
26.955878,3,11.839077
26.977603,3,11.841603
35.161735,4,11.871633
35.240568,4,11.875039
35.262166,4,11.906582
26.990176,3,11.9095
26.889493,3,11.932739
35.196601,4,11.936198
26.74461,3,11.960038
26.909153,3,11.96261
35.284314,4,11.99263
26.887333,3,11.995492
26.758247,3,12.018152
35.273379,4,12.021517
35.305167,4,12.05116
26.90396,3,12.053881
26.924606,3,12.07736
35.299411,4,12.080726
35.302999,4,12.111229
35.302751,4,12.114589
26.972872,3,12.138291
26.883871,3,12.140889
26.920696,3,12.164362
35.209602,4,12.167726
35.385896,4,12.198644
35.285731,4,12.202008
35.263201,4,12.232884
26.902165,3,12.235662
35.289244,4,12.265982
35.176017,4,12.269305
35.293406,4,12.299808
35.161709,4,12.303224
26.794367,3,12.326648
35.187138,4,12.330002
26.83842,3,12.351811
26.916015,3,12.354497
26.86436,3,12.377856
35.201149,4,12.381117
35.378949,4,12.412634
35.256279,4,12.416017
26.937119,3,12.439244
35.256871,4,12.442563
26.955263,3,12.466654
26.938506,3,12.469236
35.20161,4,12.499633
35.289211,4,12.503122
26.962379,3,12.526388
35.33455,4,12.530017
26.853337,3,12.552065
26.846032,3,12.554754
26.785091,3,12.577922
35.156392,4,12.58118
35.152913,4,12.610688
35.201982,4,12.614267
26.92069,3,12.637518
35.184935,4,12.641007
35.281253,4,12.671197
35.091048,4,12.674741
35.229063,4,12.705883
26.877861,3,12.708637
35.262137,4,12.739758
35.336578,4,12.743179
35.284095,4,12.774956
35.321371,4,12.778273
26.880767,3,12.801611
26.958708,3,12.804425
35.208147,4,12.836863
35.183361,4,12.840876
35.133423,4,12.873786
26.933056,3,12.876354
35.246381,4,12.90642
35.210607,4,12.910019
26.890918,3,12.933312
35.27356,4,12.936771
35.121123,4,12.967624
26.91004,3,12.970432
35.288055,4,13.002167
35.275036,4,13.005487
35.336701,4,13.035746
26.768791,3,13.038498
26.924904,3,13.062123
26.912574,3,13.064701
35.189237,4,13.095969
26.821017,3,13.098552
26.887929,3,13.121586
26.794565,3,13.124134
35.363878,4,13.15517
26.870265,3,13.157795
26.849757,3,13.181201
35.171599,4,13.18449
26.891901,3,13.207629
26.910437,3,13.210261
26.979447,3,13.233495
35.222565,4,13.236986
35.170956,4,13.267311
35.356111,4,13.271046
26.885108,3,13.294327
35.203751,4,13.297863
26.893703,3,13.320534
26.921434,3,13.3234
26.941187,3,13.345551
35.298331,4,13.349267
26.872364,3,13.372457
26.783957,3,13.375277
35.227366,4,13.40616
35.17645,4,13.409801
26.912138,3,13.433098
26.919206,3,13.435976
26.902376,3,13.459521
26.919073,3,13.462133
26.916119,3,13.48473
26.896137,3,13.487467
35.352774,4,13.519336
35.224533,4,13.523009
26.841021,3,13.546091
26.836989,3,13.548919
35.311719,4,13.578819
35.309413,4,13.582097
26.868194,3,13.605973
26.966816,3,13.608606
26.923852,3,13.631372
26.889793,3,13.634164
26.914283,3,13.657626
26.914741,3,13.660554
26.855125,3,13.684084
26.957365,3,13.687127
26.906796,3,13.710964
35.218057,4,13.71426
26.933124,3,13.73786
35.318781,4,13.741237
26.875241,3,13.764099
35.286129,4,13.76753
26.956942,3,13.790299
35.218935,4,13.793836
35.259697,4,13.824292
26.796129,3,13.827053
26.95618,3,13.850105
35.134308,4,13.853525
35.361741,4,13.884165
35.319922,4,13.887479
26.833512,3,13.910921
26.879667,3,13.913555
26.87638,3,13.938229
26.900277,3,13.941038
35.322971,4,13.972352
35.358187,4,13.975912
35.246979,4,14.007977
35.224431,4,14.011462
35.252944,4,14.042932
26.799108,3,14.045498
26.791883,3,14.068099
26.904697,3,14.070784
26.88581,3,14.093539
26.948203,3,14.096236
26.868971,3,14.118631
35.324127,4,14.122083
35.145908,4,14.153079
35.337406,4,14.156719
35.367233,4,14.187526
26.939646,3,14.190223
26.833984,3,14.213187
35.13451,4,14.2165
26.766076,3,14.240268
26.858902,3,14.242859
26.852686,3,14.266534
35.299853,4,14.270025
35.098852,4,14.300684
35.271915,4,14.304108
26.872043,3,14.327333
26.884297,3,14.330135
35.306724,4,14.361744
26.956235,3,14.364412
26.908898,3,14.388906
26.908324,3,14.391554
35.195978,4,14.421971
35.178838,4,14.425301
26.947254,3,14.447962
35.305965,4,14.451305
26.901585,3,14.479664
26.869884,3,14.482387
26.868839,3,14.509001
35.248129,4,14.512251
35.27387,4,14.545953
26.967415,3,14.548783
35.167553,4,14.582079
26.816722,3,14.584884
26.91028,3,14.609279
26.795034,3,14.61183
26.888126,3,14.635876
26.880127,3,14.638804
26.886143,3,14.663838
26.922776,3,14.666497
35.147898,4,14.697599
35.232823,4,14.70098
26.844669,3,14.724377
26.740792,3,14.727066
26.894798,3,14.750094
35.227115,4,14.753747
26.93074,3,14.778283
26.893784,3,14.780893
26.871546,3,14.803744
35.137729,4,14.807422
35.313619,4,14.837905
35.316041,4,14.841344
35.421717,4,14.873414
26.893834,3,14.876074
35.156208,4,14.9064
35.201836,4,14.90997
26.953232,3,14.934328
35.262255,4,14.938072
26.927341,3,14.961392
26.835578,3,14.964182
26.806359,3,14.98806
35.214872,4,14.991569
35.356496,4,15.023861
26.80354,3,15.026625
26.946329,3,15.051468
26.917346,3,15.054492
26.92372,3,15.079115
26.945443,3,15.082114
35.216102,4,15.113298
26.89914,3,15.116011
35.174701,4,15.146368
26.904866,3,15.149232
26.919813,3,15.17239
26.923612,3,15.174988
26.87653,3,15.199534
26.844789,3,15.202127
26.94614,3,15.225311
26.921658,3,15.227955
35.272023,4,15.258846
26.904281,3,15.261856
35.300186,4,15.294535
35.242351,4,15.297956
26.767066,3,15.321994
35.187608,4,15.325331
35.141272,4,15.355977
35.267989,4,15.359504
26.880811,3,15.38188
35.357275,4,15.385113
35.315332,4,15.416237
26.96065,3,15.419136
26.979737,3,15.443009
26.953774,3,15.445778
35.125005,4,15.477557
35.31365,4,15.481009
35.238051,4,15.512614
35.308654,4,15.515893
35.273384,4,15.547372
26.965381,3,15.550132
35.243919,4,15.580573
26.891707,3,15.583191
26.926981,3,15.606281
26.86694,3,15.608941
35.217232,4,15.639999
35.362592,4,15.643564
35.412431,4,15.674585
35.329278,4,15.678226
26.944732,3,15.701173
26.80854,3,15.703951
35.186937,4,15.735533
35.285673,4,15.739232
26.859421,3,15.770926
35.219114,4,15.774288
26.997324,3,15.797344
35.325277,4,15.800647
35.251855,4,15.8306
26.804568,3,15.833148
35.310556,4,15.864897
35.256187,4,15.86823
26.929375,3,15.892603
26.944274,3,15.895267
35.318083,4,15.925597
35.307102,4,15.928885
26.875648,3,15.952345
35.271509,4,15.955926
35.348803,4,15.98635
35.36068,4,15.990151
26.809772,3,16.013158
35.240104,4,16.016756
26.930969,3,16.041103
26.839648,3,16.043675
35.318906,4,16.075596
35.144822,4,16.078929
26.937728,3,16.102108
35.335813,4,16.105731
26.932904,3,16.128955
35.404854,4,16.132365
26.75333,3,16.154803
35.196371,4,16.158661
35.340902,4,16.190327
26.941362,3,16.192993
26.953793,3,16.215556
35.326567,4,16.218967
26.892201,3,16.242234
26.872846,3,16.24501
35.260849,4,16.277568
35.160381,4,16.280942
35.126559,4,16.311636
26.835169,3,16.31439
26.747539,3,16.337882
26.817835,3,16.340711
35.257581,4,16.372278
35.197866,4,16.37574
35.222308,4,16.406307
26.875479,3,16.40922
35.164797,4,16.439609
35.202469,4,16.44334
26.895967,3,16.467178
35.31421,4,16.470519
35.173232,4,16.501099
35.316268,4,16.504513
35.199115,4,16.534506
35.376725,4,16.53811
26.9229,3,16.561822
26.922152,3,16.564482
26.868872,3,16.587019
35.273625,4,16.590835
35.34813,4,16.622011
26.956396,3,16.624794
26.957821,3,16.647589
35.303774,4,16.650894
26.839316,3,16.674134
35.29594,4,16.677549
35.190236,4,16.708412
35.249804,4,16.711718
35.227692,4,16.742453
35.266359,4,16.745778
26.876627,3,16.768865
26.896169,3,16.771593
35.260818,4,16.802481
35.162651,4,16.806614
35.272979,4,16.837547
26.947725,3,16.840378
35.232918,4,16.870901
26.86185,3,16.873465
35.13972,4,16.903505
26.846561,3,16.906348
35.191537,4,16.937882
35.184662,4,16.941439
35.325022,4,16.971879
35.254718,4,16.975214
26.941737,3,16.998381
35.270094,4,17.001791
35.343444,4,17.033046
35.170949,4,17.036377
26.88801,3,17.059965
26.884795,3,17.062504
35.253151,4,17.092008
35.217499,4,17.095363
35.189373,4,17.125968
26.845209,3,17.128613
26.94902,3,17.150465
26.874143,3,17.153091
26.886717,3,17.176362
35.181373,4,17.179665
35.184819,4,17.20966
35.33225,4,17.212987
35.296668,4,17.24695
35.237141,4,17.250287
35.258613,4,17.283098
26.892918,3,17.285703
35.260179,4,17.31582
35.27302,4,17.319372
26.956308,3,17.343796
26.969029,3,17.346364
35.198105,4,17.376769
35.13533,4,17.380351
26.952616,3,17.403198
35.283578,4,17.406555
26.963129,3,17.429461
26.911366,3,17.432401
26.803477,3,17.455802
26.868832,3,17.45842
26.8581,3,17.481202
26.758821,3,17.483963
35.333371,4,17.514507
35.173883,4,17.517865
26.903384,3,17.541944
35.25248,4,17.545222
35.275434,4,17.575987
26.904115,3,17.578713
26.966635,3,17.600859
35.256689,4,17.604368
26.817946,3,17.626721
35.148095,4,17.63026
26.901718,3,17.654229
26.881115,3,17.657152
26.969498,3,17.680742
35.174796,4,17.684204
26.910371,3,17.70734
35.197733,4,17.710694
26.879092,3,17.733088
35.228989,4,17.736644
26.819121,3,17.760181
35.247371,4,17.763641
26.929465,3,17.786242
26.9777,3,17.788933
26.927635,3,17.812029
35.283439,4,17.815282
26.93733,3,17.837651
35.372322,4,17.841151
35.292342,4,17.871621
35.240374,4,17.875232
35.392706,4,17.906002
26.86132,3,17.908649
35.106582,4,17.940709
26.879405,3,17.943305
35.305958,4,17.973865
26.894642,3,17.976385
26.927592,3,17.998635
26.949527,3,18.001229
35.18491,4,18.03259
26.864604,3,18.035159
35.334113,4,18.066441
35.268458,4,18.069888
26.942602,3,18.094533
35.263435,4,18.097857
26.843105,3,18.121166
26.899362,3,18.123946
26.891371,3,18.146793
26.862303,3,18.149428
35.27165,4,18.180975
26.917754,3,18.183975
35.257434,4,18.214649
35.36361,4,18.217984
26.903992,3,18.241267
35.17637,4,18.24479
35.122551,4,18.275105
26.924585,3,18.277696
35.290274,4,18.308524
35.165476,4,18.311819
35.160158,4,18.341988
26.858341,3,18.344738
35.124877,4,18.375272
26.895067,3,18.378323
26.82218,3,18.401662
35.211044,4,18.405164
35.229878,4,18.435605
35.267709,4,18.439113
26.895556,3,18.46342
35.203975,4,18.466794
26.95328,3,18.489554
35.156906,4,18.492843
26.939575,3,18.515865
26.920753,3,18.518656
35.167065,4,18.548395
35.175831,4,18.551991
26.968951,3,18.574321
35.255198,4,18.577627
35.201174,4,18.609448
35.247307,4,18.61279
26.931297,3,18.634923
26.879084,3,18.637489
26.950923,3,18.660004
35.132313,4,18.663544
26.906064,3,18.68673
26.946194,3,18.689649
35.263715,4,18.721977
26.939134,3,18.724634
26.816687,3,18.747924
35.259541,4,18.751303
26.925285,3,18.774232
26.890463,3,18.776865
26.972663,3,18.800205
26.944065,3,18.803017
35.330119,4,18.83497
26.840858,3,18.837823
35.303977,4,18.868315
35.210494,4,18.872129
26.82525,3,18.894959
35.266669,4,18.898242
35.176266,4,18.929294
26.881661,3,18.932109
35.323316,4,18.962414
26.754978,3,18.965
26.854273,3,18.988042
35.282176,4,18.991398
26.801082,3,19.013987
35.115939,4,19.017523
26.829241,3,19.041339
35.321718,4,19.044754
35.237267,4,19.075663
35.226492,4,19.079215
26.978059,3,19.102845
26.970712,3,19.105506
26.889405,3,19.129529
35.338647,4,19.133196
35.362711,4,19.164819
35.265994,4,19.168179
35.160223,4,19.199668
35.26323,4,19.203178
35.182472,4,19.234078
26.898216,3,19.236993
26.872949,3,19.261346
35.163986,4,19.265056
35.287305,4,19.295464
26.918355,3,19.298101
26.858639,3,19.320538
35.202816,4,19.323844
35.160731,4,19.355195
35.249482,4,19.358811
26.905949,3,19.381578
35.318671,4,19.385114
26.852235,3,19.408856
35.230304,4,19.412258
35.133673,4,19.445223
35.325645,4,19.448917
35.353526,4,19.482404
26.862332,3,19.484944
35.212542,4,19.515316
26.925062,3,19.517937
26.90602,3,19.540865
35.271135,4,19.544712
35.233361,4,19.575669
26.881464,3,19.578429
26.830271,3,19.606831
35.187613,4,19.610067
26.950566,3,19.632851
26.965437,3,19.63538
